Name,ScripCode,
DOLPHIN,18136,
AARTIIND,7,
ABB,13,
STYRENIX,19,
ACC,22,
ADANIENT,25,
ADORWELD,34,
AEGISCHEM,40,
HAPPSTMNDS,48,
ALEMBICLTD,79,
ARE&M,100,
SHAREINDIA,104,
ROUTE,128,
ANDHRSUGAR,136,
GODREJAGRO,144,
APCOTEXIND,154,
APOLLOHOSP,157,
APOLLOTYRE,163,
ANDHRAPAP,166,
TCPLPACK,184,
ARVIND,193,
MASFIN,199,
UNIDT,201,
ASHIMASYN,206,
ASHOKLEY,212,
IEX,220,
ASIANPAINT,236,
NIRAJ,255,
ATUL,263,
CHEMCON,270,
AUROPHARMA,275,
GICRE,277,
AUTOAXLES,278,
BAJAJHLDNG,305,
BAJAJHIND,308,
TIINDIA,312,
BAJFINANCE,317,
ANGELONE,324,
VALIANTORG,330,
BALKRISIND,335,
BALMLAWRIE,338,
BALRAMCHIN,341,
CAMS,342,
BANARBEADS,347,
BANARISUG,350,
NAM-INDIA,357,
ROML,359,
BASF,368,
BATAINDIA,371,
BBTC,380,
SINTERCOM,381,
BEL,383,
MAHLOG,385,
BEML,395,
NIACL,399,
BERGEPAINT,404,
BEPL,419,
BHARATFORG,422,
BHARATGEAR,426,
IFGLEXPOR,436,
BHEL,438,
5PAISA,445,
HDFCLIFE,467,
OSWALGREEN,471,
3MINDIA,474,
BIRLACABLE,477,
BIRLACORPN,480,
ICEMAKE,489,
BLUEDART,495,
MAZDOCK,509,
BOMDYEING,513,
ICICIB22,522,
BPCL,526,
UTIAMC,527,
BRITANNIA,547,
RELINFRA,553,
BSL,559,
LIKHITHA,578,
CANFINHOME,583,
GRAPHITE,592,
CARBORUNIV,595,
CENTENKA,619,
CENTURYTEX,625,
CESC,628,
IGARASHI,634,
CHAMBLFERT,637,
EXIDEIND,676,
CHOLAFIN,685,
CIPLA,694,
HEMIPROP,701,
DICIND,703,
SHALBY,714,
HEUBACHIND,715,
SBIETFPB,722,
TATACOFFEE,724,
COROMANDEL,739,
SBIETFIT,740,
COSMOFIRST,742,
CRISIL,757,
CGPOWER,760,
DABUR,772,
DALMIASUG,781,
SHIVATEX,804,
DCM,805,
BSHSL,809,
DCMSHRIRAM,811,
DCW,817,
BANKA,822,
DEEPAKFERT,827,
DHAMPURSUG,857,
DRREDDY,881,
KHAICHEM,896,
EICHERMOT,910,
EQUITASBNK,913,
EIDPARRY,916,
EIHOTEL,919,
ORCHPHARMA,926,
ELECTCAST,928,
DPABHUSHAN,936,
ELGIEQUIP,937,
PGHL,940,
ESABINDIA,955,
ESCORTS,958,
SUBEXLTD,967,
EPL,981,
EVERESTIND,993,
FACT,1008,
SCHAEFFLER,1011,
FEDERALBNK,1023,
AARON,1030,
FINCABLES,1038,
FINPIPE,1041,
AXISBNKETF,1044,
UFLEX,1053,
FOSECOIND,1073,
ZENSARTECH,1076,
GABRIEL,1085,
GARFIBRES,1100,
GHCL,1127,
GICHSGFIN,1139,
GINNIFILA,1142,
SDL24BEES,1143,
GIPCL,1145,
GLAXO,1153,
GLFL,1156,
GMBREW,1168,
GNFC,1174,
GODFRYPHLP,1181,
AMBER,1185,
GLAND,1186,
FMGOETZE,1190,
KANSAINER,1196,
ESG,1200,
GRASIM,1232,
GREAVESCOT,1235,
GSFC,1247,
CASTROLIND,1250,
GUJALKALI,1267,
AMBUJACEM,1270,
GFLLIMITED,1289,
GALAXYSURF,1315,
HCL-INSYS,1327,
HDFCBANK,1333,
HEG,1336,
SDBL,1338,
HEROMOTOCO,1348,
HIMATSEIDE,1360,
HINDALCO,1363,
HINDCOMPOS,1372,
HCC,1375,
HINDUNILVR,1394,
HINDOILEXP,1403,
HINDPETRO,1406,
AGI,1412,
GLOBAL,1415,
HINDZINC,1424,
SANOFI,1442,
HLVLTD,1448,
HIL,1455,
AKZOINDIA,1467,
IDBI,1476,
REPL,1480,
IFBAGRO,1482,
IFBIND,1485,
IFCI,1491,
RBA,1494,
SHIVAMILLS,1497,
MOGSEC,1507,
ASTERDM,1508,
INDHOTEL,1512,
INDIACEM,1515,
INDIAGLYCO,1521,
INDIANHUME,1530,
RKEC,1547,
GMMPFAUDLR,1570,
GILLETTE,1576,
TARC,1581,
MGEL,1593,
INFY,1594,
INGERRAND,1597,
FAIRCHEMOR,1614,
TATAINVEST,1621,
IOC,1624,
LINDEINDIA,1627,
BECTORFOOD,1628,
IONEXCHANG,1630,
IPCALAB,1633,
ITC,1660,
ATFL,1663,
HGINFRA,1672,
ITI,1675,
IVP,1681,
JAYBARMARU,1708,
JAYSREETEA,1720,
JBCHEPHARM,1726,
JINDALPOLY,1756,
KANPRPLA,1782,
AWHCL,1797,
KABRAEXTRU,1805,
KAJARIACER,1808,
KAKATCEM,1811,
KPIL,1814,
KAMATHOTEL,1826,
KANORICHEM,1835,
KARURVYSYA,1838,
KCP,1841,
KESORAMIND,1859,
CARYSIL,1879,
CUMMINSIND,1901,
KOPRAN,1919,
KOTAKBANK,1922,
LIQUIDETF,1927,
KREBSBIO,1937,
KSB,1949,
TRENT,1964,
LAXMIMACH,1979,
LIBERTSHOE,1994,
LICHSGFIN,1997,
AHLADA,2004,
LUMAXIND,2018,
IRFC,2029,
M&M,2031,
RAMCOCEM,2043,
INDIGOPNTS,2048,
CHENNPETRO,2049,
HOMEFIRST,2056,
VTL,2073,
MAHSCOOTER,2085,
MAHSEAMLES,2088,
MANGLMCEM,2106,
STOVEKRAFT,2107,
MARALOVER,2112,
MASTEK,2124,
MFSL,2142,
BDL,2144,
AKG,2176,
BOSCHLTD,2181,
SUNDARMHLD,2183,
PENINLAND,2256,
MOREPENLAB,2259,
BANDHANBNK,2263,
IRISDOREME,2275,
MRF,2277,
MRPL,2283,
HLEGLAS,2289,
MTNL,2294,
HAL,2303,
MUNJALSHOW,2307,
HEIDELBERG,2316,
NCC,2319,
SMCGLOBAL,2320,
CPSEETF,2328,
JAYNECOIND,2331,
NURECA,2350,
KBCGLOBAL,2354,
NAVNETEDUL,2385,
NELCO,2388,
SANDHAR,2397,
NEULANDLAB,2406,
PEL,2412,
NILKAMAL,2421,
RAILTEL,2431,
CONSUMBEES,2435,
NOCIL,2442,
CENTRUM,2454,
MIDHANI,2463,
ONGC,2475,
ONWARDTEC,2481,
ISEC,2489,
SILGO,2492,
ORIENTHOT,2493,
ORIENTPPR,2496,
BCLIND,2513,
OSWALAGRO,2514,
PGHH,2535,
HUHTAMAKI,2562,
3PLAND,2595,
AMJLAND,2598,
LEMONTREE,2606,
PEARLPOLY,2610,
HERANBA,2614,
SEAMECLTD,2616,
KOTAKIT,2627,
DIVOPPBEES,2636,
PFIZER,2643,
PCBL,2649,
PIDILITIND,2664,
POLYPLEX,2687,
PRAJIND,2705,
MTARTECH,2709,
PRECOT,2711,
BUTTERFLY,2716,
PRECWIRE,2717,
PRSMJOHNSN,2739,
JUBLINGREA,2783,
EASEMYTRIP,2792,
RSWM,2794,
CHEMFAB,2799,
RALLIS,2816,
ANURAS,2829,
RANASUG,2837,
LXCHEM,2841,
RANEHOLDIN,2844,
CRAFTSMAN,2854,
RAYMOND,2859,
RCF,2866,
HITECH,2868,
RELIANCE,2885,
RICOAUTO,2909,
RIIL,2912,
RUBYMILLS,2939,
KALYANKJIL,2955,
SAIL,2963,
SAKHTISUG,2969,
SURYODAY,2970,
ORIENTELEC,2972,
ORTINLAB,2979,
NAZARA,2987,
SANDESH,2988,
SANGHIIND,2997,
WONDERLA,3002,
AXISTECETF,3010,
SOTL,3021,
SDL26BEES,3022,
JINDALSAW,3024,
SBIN,3045,
SCI,3048,
VEDL,3063,
SESHAPAPER,3066,
SHANTIGEAR,3078,
SHREDIGCEM,3099,
SHREECEM,3103,
BARBEQUE,3127,
SHREYAS,3129,
HONDAPOWER,3138,
BORORENEW,3149,
SIEMENS,3150,
GILT5YBEES,3172,
SKFINDIA,3186,
LODHA,3220,
JTEKTINDIA,3237,
SPIC,3252,
SRF,3273,
TEMBO,3275,
STARPAPER,3291,
DEEPINDS,3292,
MODISONLTD,3316,
SUBROS,3324,
SUDARSCHEM,3327,
ISGEC,3329,
SUNDARMFIN,3339,
SUNDRMFAST,3345,
SUNFLAG,3348,
SUNPHARMA,3351,
SUPREMEIND,3363,
SURYAROSNI,3375,
SWARAJENG,3384,
SMLISUZU,3387,
AGARIND,3389,
TAINWALCHM,3396,
TATACHEM,3405,
TATAELXSI,3411,
HONAUT,3417,
TATAMETALI,3423,
TATAPOWER,3426,
TATACONSUM,3432,
TATAMOTORS,3456,
TFCILTD,3466,
THERMAX,3475,
THOMASCOOK,3481,
CLSEL,3482,
TINPLATE,3493,
TIRUMALCHM,3496,
TATASTEEL,3499,
TITAN,3506,
MAFANG,3507,
TNPETRO,3509,
TNTELE,3512,
TORNTPHARM,3518,
AXISBPSETF,3530,
TTKPRESTIG,3546,
ADANIGREEN,3563,
UCAL,3570,
UNICHEMLAB,3579,
UNIVCABLES,3607,
AXISHCETF,3608,
JUBLPHARMA,3637,
SOLARA,3672,
VESUVIUS,3676,
VINDHYATEL,3694,
VIPIND,3703,
VLSFINANCE,3715,
VOLTAS,3718,
TATACOMM,3721,
VSTIND,3724,
ANMOL,3727,
FINEORG,3744,
VENKEYS,3757,
RITES,3761,
WHEELS,3766,
WIPRO,3787,
WSTCSTPAPR,3799,
VINEETLAB,3807,
ZEEL,3812,
ARIHANTCAP,3813,
ZODIACLOTH,3821,
ZUARIIND,3827,
BHARATRAS,3834,
TOKYOPLAST,3837,
VARROC,3857,
SOMANYCERA,3880,
HATSUN,3892,
CAPLIPOINT,3906,
KHAITANLTD,3912,
NATCOPHARM,3918,
GOCLCORP,3963,
TNPL,3980,
GREENPLY,3987,
CORALFINAC,4007,
NAVA,4014,
JAYAGROGN,4041,
PANACEABIO,4055,
ALPSINDUS,4060,
MARICO,4067,
SILINV,4105,
BIOFILCHEM,4136,
TCNSBRANDS,4172,
ZENITHEXPO,4176,
SANGAMIND,4184,
MOTHERSON,4204,
VISAKAIND,4221,
WENDT,4235,
HDFCAMC,4244,
DENORA,4279,
STERTOOLS,4299,
SHRIRAMFIN,4306,
PUNJABCHEM,4344,
GULFOILLUB,4391,
MIRZAINT,4394,
JAGSNPHARM,4410,
CREDITACC,4421,
INDIANCARD,4422,
HITECHGEAR,4433,
AARTIDRUGS,4481,
ALKYLAMINE,4487,
JCHAC,4491,
MPHASIS,4503,
DYNAMATECH,4525,
RAMCOIND,4587,
KOTHARIPET,4594,
HERITGFOOD,4598,
SBCL,4656,
BANKBARODA,4668,
SONACOMS,4684,
SHYAMMETL,4693,
GAIL,4717,
SKMEGGPROD,4732,
BANKINDIA,4745,
INDNIPPON,4747,
CONCOR,4749,
DODLA,4822,
SNOWMAN,4843,
KIMS,4847,
INDSWFTLAB,4870,
SAREGAMA,4892,
FDC,4898,
ENGINERSIN,4907,
MADRASFERT,4911,
IPL,4934,
ICICIBANK,4963,
PHARMABEES,4973,
IRCON,4986,
SHARDACROP,4992,
CLEAN,5049,
GRINFRA,5054,
SHEMAROO,5068,
ZOMATO,5097,
KPIGREEN,5108,
CIGNITITEC,5142,
JAICORPLTD,5143,
TATVA,5162,
SBIETFCON,5168,
STYLAMIND,5186,
GMDCLTD,5204,
BFSI,5220,
MAHAPEXLTD,5239,
INDUSINDBK,5258,
PDSL,5264,
GLS,5265,
ROLEXRINGS,5279,
PRITIKAUTO,5292,
UGROCAP,5313,
EXXARO,5352,
KRSNAA,5359,
WINDLAS,5366,
DEVYANI,5373,
ASAHIINDIA,5378,
EPIGRAL,5382,
AAVAS,5385,
MOL,5394,
NGIL,5401,
CARTRADE,5407,
NUVOCO,5426,
TRIGYN,5428,
APTUS,5435,
CHEMPLASTS,5449,
GRSE,5475,
YUKEN,5501,
JAIPURKURT,5516,
KOTHARIPRO,5528,
AMIORG,5578,
VIJAYA,5585,
INTLCONV,5606,
ASTRAZEN,5610,
GANESHBE,5614,
ITDCEM,5622,
PAR,5631,
J&KBANK,5633,
SHANTI,5650,
ARCHIES,5688,
CUB,5701,
AXISCETF,5732,
CYIENT,5748,
SANSERA,5751,
MASPTOP50,5782,
KOTAKBKETF,5851,
LAGNAM,5865,
AXISBANK,5900,
PARAS,5911,
INTELLECT,5926,
MONTECARLO,5938,
SOUTHBANK,5948,
BSLSENETFG,5957,
COASTCORP,6006,
ABSLAMC,6018,
EIFFL,6040,
PASUPTAC,6045,
CYBERTECH,6051,
LICNETFGSC,6062,
ATGL,6066,
AIROLAM,6068,
GOODLUCK,6125,
ARTNIRMAN,6156,
BHAGCHEM,6164,
FCL,6198,
CAMLINFINE,6216,
DTIL,6227,
3IINFOLTD,6232,
MEDICAMEQ,6278,
GULPOLY,6286,
HEALTHY,6297,
APOLSINHOT,6302,
NIFTYETF,6353,
NATIONALUM,6364,
LAMBODHARA,6407,
KRITI,6417,
MANORG,6422,
TECHNOE,6445,
TECH,6462,
IRIS,6489,
GRPLTD,6543,
NYKAA,6545,
LAXMICOT,6568,
FINOPB,6579,
SONATSOFTW,6596,
GENUSPAPER,6600,
DSPNEWETF,6606,
SJS,6643,
POLICYBZR,6656,
SIGACHI,6663,
FOODSIN,6673,
PAYTM,6705,
MOLDTKPAC,6713,
SAPPHIRE,6718,
JINDALSTEL,6733,
MARSHALL,6757,
SBC,6792,
STEELCAS,6803,
LATENTVIEW,6818,
FOCUS,6836,
SMLT,6843,
GREENLAM,6848,
DHRUV,6858,
BAJAJHCARE,6863,
VISHNU,6908,
RPPL,6913,
TARSONS,6943,
GANECOS,6944,
LINC,6951,
MENONBE,6961,
GOCOLORS,6964,
DMCC,6973,
BSOFT,6994,
SHIVALIK,7016,
ASIANENE,7030,
HESTERBIO,7048,
ACCELYA,7053,
MAHKTECH,7074,
STARHEALTH,7083,
TEGA,7105,
JMA,7109,
ANANDRATHI,7145,
RATEGAIN,7177,
BBETF0432,7196,
SHRIRAMPPS,7200,
JETFREIGHT,7211,
SBIETFQLTY,7218,
MAPMYINDIA,7227,
HCLTECH,7229,
METROBRAND,7242,
MEDPLUS,7254,
JTLIND,7287,
DCMSRIND,7325,
ABSLNN50ET,7339,
SETFNN50,7353,
DATAPATTNS,7358,
SETFNIFBK,7361,
STAR,7374,
HPAL,7376,
SUPRIYA,7390,
RAJESHEXPO,7401,
GLENMARK,7406,
KOTAKALPHA,7412,
MANAKALUCO,7420,
MONQ50,7422,
DSPN50ETF,7451,
DSPQ50ETF,7456,
MANAKSTEEL,7463,
WOCKPHARMA,7506,
LCCINFOTEC,7529,
NRBBEARING,7553,
UNITEDPOLY,7560,
CMSINFO,7603,
IMAGICAA,7672,
MONARCH,7679,
NETF,7838,
RAMCOSYS,7851,
INOXWIND,7852,
GEPIL,7862,
AUTOBEES,7880,
LFIC,7902,
AGSTRA,7927,
ZYDUSLIFE,7929,
AVANTIFEED,7936,
MALLCOM,7965,
MAKEINDIA,7979,
GRWRHITECH,7982,
SILVER,8003,
MAHLIFE,8050,
KTKBANK,8054,
DALBHARAT,8075,
KOTAKMID50,8077,
SILVERBEES,8080,
AWL,8110,
RPSGVENT,8119,
AJANTPHARM,8124,
BLBLIMITED,8132,
MEGASTAR,8153,
FIBERWEB,8159,
SPENCERS,8163,
MANYAVAR,8167,
SAGARDEEP,8175,
MOMOMENTUM,8182,
BLUESTARCO,8311,
MIDCAPETF,8413,
VIPULLTD,8424,
MITCON,8469,
XELPMOC,8477,
TVSMOTOR,8479,
MID150BEES,8506,
GATEWAY,8510,
GMRP&UI,8529,
CHALET,8546,
NLCINDIA,8585,
MSUMI,8596,
INDOBORAX,8614,
KOTAKLOVOL,8632,
VETO,8652,
MOLOWVOL,8654,
VRLLOG,8696,
SHAILY,8727,
PNBGILTS,8736,
OBCL,8797,
PRIVISCL,8825,
AVROIND,8827,
GAEL,8828,
BCG,8833,
USHAMART,8840,
UMAEXPORTS,8842,
CHOICEIN,8866,
TNIDETF,8882,
VERANDA,8890,
RITCO,8944,
ELDEHSG,8953,
TTML,8954,
HARDWYN,8962,
HARIOMPIPE,8968,
MRO-TEK,8998,
ANUP,9014,
VCL,9020,
UFO,9039,
AGROPHOS,9046,
ROTO,9049,
PIXTRANS,9087,
ARVINDFASN,9111,
INDOAMIN,9116,
TIPSINDLTD,9117,
BALAJITELE,9158,
UTISXN50,9168,
TPLPLASTEH,9219,
ARROWGREEN,9260,
STLTECH,9309,
PNC,9342,
IOB,9348,
TAJGVK,9354,
MSTCLTD,9356,
CAMPUS,9362,
TRU,9378,
CREATIVEYE,9384,
PNCINFRA,9385,
RAINBOW,9408,
SILVERTUC,9422,
SKIPPER,9428,
AXISCADES,9436,
LICI,9480,
SAKAR,9539,
RVNL,9552,
PRUDENT,9553,
AKSHAR,9558,
MAHESHWARI,9576,
METROPOLIS,9581,
POLYCAB,9590,
VENUSPIPES,9592,
DELHIVERY,9599,
SPLPETRO,9617,
KHANDSE,9641,
MEDICO,9667,
HIKAL,9668,
KPITTECH,9683,
TRIDENT,9685,
PARADEEP,9741,
ETHOSLTD,9750,
EMUDHRA,9756,
AETHER,9810,
HAVELLS,9819,
NV20BEES,9847,
CHEVIOT,9879,
SMARTLINK,9889,
AXITA,9902,
NEOGEN,9917,
ALANKIT,9921,
VIKASLIFE,9931,
ONEPOINT,9939,
EMAMIPAP,10074,
GODREJCP,10099,
ORICONENT,10159,
SETFNIF50,10176,
BALKRISHNA,10181,
SHYAMCENT,10188,
ADANIENSOL,10217,
MANORAMA,10227,
CONFIPET,10238,
SYNGENE,10243,
KAYA,10276,
NGLFINE,10277,
AYMSYNTEX,10285,
PPL,10297,
RAMASTEEL,10300,
AURUM,10310,
RADHIKAJWE,10343,
DGCONTENT,10346,
CSLFINANCE,10350,
JISLJALEQS,10397,
STEELCITY,10406,
MUTHOOTCAP,10415,
DYCL,10417,
LUPIN,10440,
MCDOWELL-N,10447,
SATIN,10453,
ARVSMART,10457,
POWERMECH,10473,
RAMRAT,10485,
MOHEALTH,10508,
UTINIFTETF,10511,
KOTAKCONS,10512,
UTISENSETF,10515,
SHARDAMOTR,10530,
NAVKARCORP,10557,
RAMAPHO,10568,
NIFTYBEES,10576,
KRBL,10577,
MPSLTD,10578,
MARKSANS,10579,
TCI,10580,
SHREEPUSHK,10588,
LOYALTEX,10590,
GUJGASLTD,10599,
BHARTIARTL,10604,
HDFCNEXT50,10619,
HDFCNIF100,10633,
ASAL,10634,
OLECTRA,10637,
PONNIERODE,10661,
PNB,10666,
KOTAKMNC,10676,
NIFTYQLITY,10690,
MOMENTUM,10693,
INDIAMART,10726,
SPORTKING,10733,
OFSS,10738,
UNIONBANK,10753,
APTECHT,10755,
DSPSILVETF,10761,
OAL,10768,
SYRMA,10793,
CANBK,10794,
MOQUALITY,10822,
MOVALUE,10825,
DREAMFOLKS,10859,
GRMOVER,10871,
HDFCSILVER,10876,
DBOL,10893,
GENESYS,10905,
OMAXAUTO,10922,
GODREJIND,10925,
JUNIORBEES,10939,
DIVISLAB,10940,
TMB,10945,
STCINDIA,10948,
RADICO,10990,
INDORAMA,10993,
MARUTI,10999,
LIQUIDBEES,11006,
INFOBEAN,11027,
SANGINITA,11032,
DCMNVL,11039,
SATIA,11045,
SIRCA,11050,
SECURKLOUD,11058,
NATHBIOGEN,11065,
AGRITECH,11072,
LIBAS,11082,
CREATIVE,11155,
HARSHA,11162,
COFFEEDAY,11165,
IDFCFIRSTB,11184,
AXISILVER,11193,
INDIGO,11195,
SHK,11212,
VARDHACRLC,11220,
UCOBANK,11223,
SUVEN,11233,
JSL,11236,
NSIL,11239,
HDFCGROWTH,11241,
HDFCQUAL,11255,
HDFCVALUE,11260,
IGL,11262,
TVSELECT,11265,
DREDGECORP,11271,
TVTODAY,11275,
UPL,11287,
UNIENTER,11293,
LUXIND,11301,
BALAXI,11309,
LICNETFN50,11319,
MUKANDLTD,11325,
AFFLE,11343,
PETRONET,11351,
PTC,11355,
DHANBANK,11359,
VAIBHAVGBL,11364,
TTKHLTCARE,11369,
BIOCON,11373,
MAHABANK,11377,
UMANGDAIRY,11387,
ZOTA,11394,
SALZERELEC,11399,
POONAWALLA,11403,
XPROINDIA,11407,
RKFORGE,11411,
DATAMATICS,11423,
NDTV,11427,
SPANDANA,11435,
BANKBEES,11439,
LICNETFSEN,11441,
PILANIINVS,11445,
CCL,11452,
KOTAKNV20,11457,
JPASSOCIAT,11460,
EXCELINDUS,11471,
LT,11483,
APARINDS,11491,
SECURCRED,11520,
NIITLTD,11522,
EMIL,11530,
ULTRACEMCO,11532,
TCS,11536,
HDFCMOMENT,11538,
COFORGE,11543,
HDFCLOWVOL,11547,
TEXINFRA,11549,
PPLPHARMA,11571,
WESTLIFE,11580,
TRACXN,11582,
HDFCNIFTY,11591,
HDFCSENSEX,11593,
LINCOLN,11596,
GUFICBIO,11606,
ASTRAMICRO,11618,
WELENT,11626,
NARMADA,11627,
NTPC,11630,
KOTARISUG,11647,
LALPATHLAB,11654,
DWARKESH,11667,
INDOCO,11677,
SUPRAJIT,11689,
PATELENG,11699,
ALKEM,11703,
XCHANGING,11705,
JSWSTEEL,11723,
CONSOFINVT,11731,
JINDALPHOT,11743,
JPPOWER,11763,
GOKEX,11778,
ACEINTEG,11779,
EVEREADY,11782,
ALLSEC,11798,
SUKHJITS,11804,
IIFL,11809,
SHOPERSTOP,11813,
MANGALAM,11817,
WELCORP,11821,
SSWL,11829,
NH,11840,
SURYALAXMI,11852,
JKPAPER,11860,
PRIMESECU,11864,
GRANULES,11872,
JSWHL,11880,
MANINDS,11884,
VHL,11892,
DCXINDIA,11895,
GEOJITFSL,11896,
GENUSPOWER,11905,
SWELECTES,11909,
YESBANK,11915,
NECLIFE,11927,
FUSION,11932,
SPLIL,11935,
MEDANTA,11956,
IDFC,11957,
BIKAJI,11966,
GOLDIAM,11971,
RML,11975,
HTMEDIA,11979,
SASKEN,11983,
ICIL,11987,
SYNCOMF,11992,
FCSSOFT,11999,
FAZE3Q,12000,
IMPAL,12009,
SATINDLTD,12015,
ACI,12024,
RENUKA,12026,
FIVESTAR,12032,
BASML,12034,
SCPL,12072,
KAYNES,12092,
HDFCNIFIT,12101,
HDFCPVTBAN,12108,
DOLATALGO,12124,
BBTCL,12153,
HNDFDS,12173,
INOXGREEN,12188,
RUSTOMJEE,12219,
OCCL,12231,
ZIMLAB,12384,
SWSOLAR,12489,
AAATECH,12533,
PRECAM,12603,
OSIAHYPER,12635,
MBAPL,12686,
TEAMLEASE,12716,
DJML,12749,
KRISHANA,12847,
NPBET,12978,
DHARMAJ,13001,
SAFARI,13035,
UNIPARTS,13057,
360ONE,13061,
IIFLSEC,13072,
TRIVENI,13081,
KOTAKSILVE,13082,
AIAENG,13086,
EKC,13091,
VIMTALABS,13101,
NAHARINDUS,13106,
ORIENTCER,13111,
QUICKHEAL,13116,
REPRO,13126,
EBBETF0433,13139,
PVRINOX,13147,
NITINSPIN,13175,
ROHLTD,13182,
ENIL,13192,
GSPL,13197,
JAGRAN,13211,
SULA,13218,
KEC,13260,
JKCEMENT,13270,
LANDMARK,13276,
M&MFIN,13285,
AHL,13288,
BLKASHYAP,13290,
CENTURYPLY,13305,
KEI,13310,
SOLARINDS,13332,
GALLANTT,13337,
VAKRANGEE,13342,
MALUPAPER,13352,
KFINTECH,13359,
UTTAMSUGAR,13376,
KKCL,13381,
BHAGERIA,13400,
SUNTV,13404,
GPIL,13409,
RSYSTEMS,13414,
ELIN,13423,
KELLTONTEC,13430,
LOKESHMACH,13436,
BALPHARMA,13441,
RATNAMANI,13451,
KAMDHENU,13457,
JKLAKSHMI,13491,
PFOCUS,13496,
ALLCARGO,13501,
AKASH,13510,
MUNJALAU,13511,
EMAMILTD,13517,
GMRINFRA,13528,
VIDHIING,13536,
TECHM,13538,
AVONMORE,13557,
GRINDWELL,13560,
RAMANEWS,13565,
VOLTAMP,13577,
RADIANTCMS,13580,
ACE,13587,
SELAN,13598,
IRCTC,13611,
ANANTRAJ,13620,
SKYGOLD,13631,
JMFINANCIL,13637,
ELECON,13643,
DSPBANKETF,13644,
ALICON,13656,
GEECEE,13658,
NRL,13675,
ACLGATI,13688,
SAH,13689,
VISHWARAJ,13702,
FIEMIND,13710,
JHS,13720,
DCBBANK,13725,
GLOBALVECT,13735,
SHYAMTEL,13740,
GTLINFRA,13745,
FLUOROCHEM,13750,
NAUKRI,13751,
MANOMAY,13753,
BBL,13761,
AARVEEDEN,13771,
GESHIP,13776,
TORNTPOWER,13786,
MANALIPETC,13796,
SUTLEJTEX,13801,
GREENPANEL,13810,
KAMOPAINTS,13814,
LTFOODS,13816,
RUCHIRA,13821,
SOBHA,13826,
DONEAR,13839,
MMFL,13844,
VENUSREM,13859,
AARTIPHARM,13868,
KUANTUM,13870,
JINDRILL,13875,
BANCOINDIA,13880,
HIRECT,13890,
CREST,13900,
PLASTIBLEN,13920,
NFL,13925,
KOTAKLIQ,13950,
PARACABLES,13951,
HBLPOWER,13966,
TANLA,13976,
JASH,13982,
ABSLBANETF,13987,
ZEEMEDIA,14003,
AVTNPL,14008,
LUMAXTECH,14014,
TIDEWATER,14019,
SARLAPOLY,14043,
SANGHVIMOV,14058,
SAGCEM,14068,
IGPL,14086,
SIYSIL,14096,
PTL,14101,
NETWORK18,14111,
GANDHITUBE,14116,
PITTIENG,14134,
SBGLP,14139,
BTML,14150,
UNOMINDA,14154,
NSLNISP,14180,
NINSYS,14194,
TIMKEN,14198,
HUBTOWN,14203,
TV18BRDCST,14208,
CTE,14218,
TIIL,14223,
HDFCBSE500,14230,
HDFCSML250,14233,
HDFCMID150,14236,
TVSSRICHAK,14245,
REDINGTON,14255,
ORIENTBELL,14278,
GOLDETF,14286,
SEQUENT,14296,
PFC,14299,
FSL,14304,
OSWALSEEDS,14305,
INDIANB,14309,
TTL,14314,
SMSPHARMA,14329,
HSCL,14334,
GANESHHOUC,14339,
ORIENTALTL,14346,
APOLLOPIPE,14361,
IDEA,14366,
POCL,14385,
RAJTV,14403,
PAGEIND,14413,
ASTRAL,14418,
LAOPALA,14423,
GOLDBEES,14428,
JKTYRE,14435,
NAHARSPING,14440,
NAHARPOLY,14445,
IBREALEST,14450,
DIVGIITTS,14479,
GOKULAGRO,14480,
THEMISMED,14485,
NCLIND,14490,
BALAMINES,14501,
BANSWRAS,14511,
ABSLLIQUID,14518,
ICRA,14523,
GOLDSHARE,14535,
DISHTV,14537,
NDLVENTURE,14547,
PHOENIXLTD,14552,
BFUTILITIE,14567,
SRHHYPOLTD,14582,
FORTIS,14592,
ALPHAGEO,14597,
GSLSU,14599,
WEBELSOLAR,14602,
SIMBHALS,14612,
CHEMBOND,14618,
HILTON,14627,
INSECTICID,14657,
KMSUGAR,14667,
NAVINFLUOR,14672,
GUJAPOLLO,14677,
GOACARBON,14687,
TIMETECHNO,14707,
HGS,14712,
DLF,14732,
AXSENSEX,14742,
ADVANIHOTR,14745,
NELCAST,14761,
TARMAT,14771,
LOWVOL,14786,
SPARC,14788,
ADSL,14813,
DECCANCE,14838,
VIPCLOTHNG,14843,
ALPA,14848,
OMAXE,14853,
KOTAKGOLD,14858,
USK,14871,
ASIANTILES,14889,
CENTRALBK,14894,
SAHYADRI,14900,
KDDL,14908,
KPRMILL,14912,
TAKE,14917,
PURVA,14922,
ISMTLTD,14932,
CIEINDIA,14937,
GSEC10YEAR,14938,
MOTILALOFS,14947,
MAGNUM,14957,
CSBBANK,14966,
KSCL,14972,
POWERGRID,14977,
MANGCHEFER,15007,
MAANALU,15017,
PSUBNKBEES,15032,
BAJAJELEC,15034,
CERA,15039,
DELTACORP,15044,
AVALON,15058,
KOTAKPSUBK,15061,
BLAL,15067,
RELIGARE,15068,
ADANIPORTS,15083,
SILVERETF,15085,
EDELWEISS,15119,
KOLTEPATIL,15124,
RGL,15129,
COLPAL,15141,
JYOTHYLAB,15146,
MADHAV,15151,
RHL,15157,
HITECHCORP,15161,
TRIL,15174,
ECLERX,15179,
KIRLPNU,15180,
BRIGADE,15184,
BGRENERGY,15189,
MANAKSIA,15199,
ARIES,15204,
PPAP,15209,
DVL,15214,
PATINTLOG,15219,
UJJIVANSFB,15228,
LICNFNHGP,15229,
AMBIKCO,15234,
BIRLAMONEY,15239,
CEATLTD,15254,
RPOWER,15259,
JKIL,15266,
CORDSCABLE,15271,
ONMOBILE,15278,
KNRCON,15283,
HERCULES,15288,
VIRINCHI,15295,
SEPC,15308,
IRB,15313,
QGOLDHALF,15330,
NMDC,15332,
RAIN,15337,
SHALPAINTS,15342,
SADHNANIQ,15343,
GSS,15347,
RECLTD,15355,
DSPGOLDETF,15356,
NAHARCAP,15360,
VGUARD,15362,
PDMJEPAPER,15377,
MANKIND,15380,
DHANI,15384,
RACE,15391,
EIHAHOTELS,15399,
ATAM,15404,
NESCO,15409,
TITAGARH,15414,
DPSCLTD,15419,
ACL,15420,
HCG,15555,
AVG,15589,
LATTEYS,15840,
HINDWAREAP,15883,
PRINCEPIPE,16045,
BHARATWIRE,16123,
PAVNAIND,16192,
INFIBEAM,16249,
EBBETF0430,16253,
MMP,16395,
VAISHALI,16589,
KIRIINDUS,16639,
SIGMA,16658,
BAJAJ-AUTO,16669,
BAJAJFINSV,16675,
PTCIL,16682,
DIGISPICE,16683,
GHCLTEXTIL,16696,
GOKUL,16705,
UBL,16713,
ALMONDZ,16719,
RPGLIFE,16725,
MKPL,16736,
RBL,16745,
RANEENGINE,16751,
SILVRETF,16777,
LOTUSEYE,16807,
QNIFTY,16819,
VINYLINDIA,16821,
IKIO,16822,
KOKUYOCMLN,16827,
LGBFORGE,16845,
SINDHUTRAD,16859,
DPWIRES,16900,
ARTEMISMED,16913,
ZFCVINDIA,16915,
20MICRONS,16921,
JOCIL,16927,
ASHOKAMET,16943,
ALKALI,16959,
TATAMTRDVR,16965,
MAWANASUG,17022,
PATANJALI,17029,
THYROCARE,17032,
SHARIABEES,17044,
HMAAGRO,17053,
PALREDTEC,17062,
UJJIVAN,17069,
URAVI,17071,
CROMPTON,17094,
SUMICHEM,17105,
PARAGMILK,17130,
IDEAFORGE,17140,
NEXT50,17181,
SHRIPISTON,17186,
CYIENTDLM,17187,
PAKKA,17197,
DSPITETF,17207,
ALBERTDAVD,17256,
ARMANFIN,17263,
ASPINWALL,17270,
SENCO,17271,
SETFGOLD,17272,
BLS,17279,
NAGAFERT,17295,
AJMERA,17307,
LLOYDSME,17313,
MHRIL,17333,
UTKARSHBNK,17358,
VINATIORGA,17364,
SETF10GILT,17395,
PREMEXPLN,17397,
NHPC,17400,
BANKETF,17419,
GLOBUSSPR,17424,
NETWEB,17433,
OIL,17438,
CONTROLPR,17477,
EXPLEOSOL,17486,
RTNPOWER,17520,
MAHASTEEL,17527,
MGL,17534,
DAMODARIND,17541,
AMRUTANJAN,17547,
LIQUID,17572,
DSPPVBKETF,17576,
ASALCBR,17598,
MAHEPC,17603,
DSPSENXETF,17613,
DSPPSBKETF,17616,
MOLDTECH,17625,
ZYDUSWELL,17635,
SUNTECK,17641,
POKARNA,17651,
UNIVPHOTO,17659,
ALOKINDS,17675,
LTGILTBEES,17700,
QUESS,17704,
DEN,17722,
ASTEC,17728,
YATHARTH,17738,
NIITMTS,17747,
SHILPAMED,17752,
SARDAEN,17758,
REFEX,17764,
GROBTEA,17770,
ATL,17778,
TREL,17795,
LTIM,17818,
AHLUCONT,17833,
GILLANDERS,17839,
DLINKINDIA,17851,
REDTAPE,17859,
JSWENERGY,17869,
GODREJPROP,17875,
DBCORP,17881,
ABBOTINDIA,17903,
BAYERCROP,17927,
HINDCOPPER,17939,
SUVENPHAR,17945,
MMTC,17957,
NESTLEIND,17963,
SBICARD,17971,
TRF,17987,
UNITEDTEA,17999,
WHIRLPOOL,18011,
VLEGOV,18012,
SBFC,18026,
ADVENZYMES,18039,
MINDTECK,18049,
CONCORDBIO,18060,
DBL,18086,
JUBLFOOD,18096,
KOTAKNIFTY,18102,
VASCONEQ,18110,
THANGAMAYL,18118,
SRGHFL,18119,
DBREALTY,18124,
YASHO,18131,
EMMBI,18142,
JIOFIN,18143,
TVSSCS,18151,
HATHWAY,18154,
ORIENTLTD,18208,
TEXMOPIPES,18214,
KECL,18220,
MANINFRA,18226,
LORDSCHLO,18232,
DEEPENR,18244,
PYRAMID,18250,
SPAL,18252,
AEROFLEX,18268,
HDFCLIQUID,18279,
HNGSNGBEES,18284,
IVZINGOLD,18292,
LGBBROSLTD,18321,
VPRPL,18341,
NIFMID150,18347,
SANDUMA,18359,
PERSISTENT,18365,
RBLBANK,18391,
RISHABH,18417,
RATNAVEER,18423,
BIGBLOC,18431,
POWERINDIA,18457,
ISFT,18479,
JLHL,18553,
MITTAL,18562,
LTTS,18564,
RRKABEL,18566,
GNA,18571,
KIRLOSBROS,18581,
EMSLIMITED,18593,
ZAGGLE,18608,
SAMHI,18614,
DIAMINESQ,18644,
ICICIPRULI,18652,
MARATHON,18659,
NAVINIFTY,18668,
HPL,18679,
NUVAMA,18721,
SIGNATURE,18743,
KALAMANDIR,18755,
YATRA,18760,
IDFNIFTYET,18783,
ENDURANCE,18822,
VERTOZ,18863,
MAZDA,18866,
SJVN,18883,
KSL,18889,
PNBHOUSING,18908,
VBL,18921,
KINGFA,18944,
RAJRATAN,18962,
MVGJL,19015,
JSWINFRA,19020,
KIRLOSIND,19025,
PODDARMENT,19036,
MANAPPURAM,19061,
AARVI,19073,
ITBEES,19084,
NBIFIN,19111,
UDS,19113,
KIOCL,19126,
SFL,19184,
TI,19196,
HEADSUP,19205,
HMVL,19211,
VALIANTLAB,19218,
TCIEXP,19223,
SENSEXETF,19224,
AARTISURF,19233,
LAURUSLABS,19234,
IMFA,19235,
MONIFTY500,19237,
BLISSGVS,19265,
THEJO,19279,
MOM50,19289,
TERASOFT,19292,
ITDC,19299,
HISARMETAL,19322,
SPCENET,19372,
BOROLTD,19401,
ROSSARI,19410,
AHLEAST,19438,
CAPTRUST,19447,
SECMARK,19496,
BAJAJCON,19531,
HDFCGOLD,19543,
UGARSUGAR,19578,
BSE,19585,
IRMENERGY,19597,
PRICOLLTD,19631,
ITETF,19633,
ALPHAETF,19640,
MAXESTATES,19646,
BLUEJET,19686,
LIQUIDSBI,19705,
GPPL,19731,
ADFFOODS,19761,
MUFIN,19783,
CELLO,19795,
HONASA,19813,
AMNPLST,19867,
RADIOCITY,19877,
ESAFSFB,19878,
DMART,19913,
ORISSAMINE,19931,
EGOLD,19933,
DEEPAKNTR,19943,
SASTASUNDR,20063,
INTENTECH,20071,
INFRABEES,20072,
EROSMEDIA,20080,
CAREERP,20086,
TASTYBITE,20092,
GREENPOWER,20110,
RAMKY,20134,
ASKAUTOLTD,20152,
ARIHANTSUP,20159,
CANTABIL,20160,
AKSHARCHEM,20178,
ASHOKA,20182,
WABAG,20188,
URJA,20203,
CLEDUCATE,20223,
JWL,20224,
OBEROIRLTY,20242,
ESILVER,20257,
IREDA,20261,
TATATECH,20293,
PRESTIGE,20302,
GANDHAR,20303,
NRAIL,20314,
SHANKARA,20321,
FEDFINA,20322,
RESPONIND,20323,
CGCL,20329,
COALINDIA,20374,
IOLCP,20413,
NACLIND,20425,
APCL,20453,
AXISGOLD,20532,
GRAVITA,20534,
DOLLAR,20560,
SUPERHOUSE,20616,
PENIND,20621,
JINDWORLD,20642,
SCHAND,20698,
JAMNAAUTO,20778,
HUDCO,20825,
MOIL,20830,
PSPPROJECT,20877,
KIRLOSENG,20936,
PSB,21001,
STARCEMENT,21091,
BFINVEST,21113,
KICL,21119,
TEJASNET,21131,
ERIS,21154,
CDSL,21174,
GTPL,21195,
AUBANK,21238,
AXISNIFTY,21252,
SUMMITSEC,21275,
DYNPRO,21314,
STEELXIND,21339,
SALASAR,21362,
MAGADSUGAR,21392,
GANGESSECU,21399,
AVADHSUGAR,21406,
MOM100,21423,
THEINVEST,21427,
OPTIEMUS,21469,
UTINEXT50,21478,
STEL,21484,
SIS,21501,
COCHINSHIP,21508,
JUBLINDS,21541,
SMSLIFE,21551,
ABCAPITAL,21614,
APEX,21623,
HINDMOTORS,21676,
BRNL,21683,
DIXON,21690,
DCAL,21704,
LASA,21713,
MATRIMONY,21726,
CHOLAHLDNG,21740,
CAPACITE,21749,
ICICIGI,21770,
SBILIFE,21808,
TEXRAIL,21828,
DIAMONDYD,21840,
HFCL,21951,
INDTERRAIN,21957,
DHUNINV,22233,
EBBETF0431,22239,
EBBETF0425,22243,
WORTH,22277,
MCL,22360,
MAXHEALTH,22377,
LOVABLE,22415,
TOTAL,22423,
MAXIND,22428,
HDFCNIFBAN,22433,
UTIBANKETF,22440,
PFS,22602,
MON100,22739,
MUTHOOTFIN,23650,
BSLGOLDETF,23804,
PIIND,24184,
SYMPHONY,24190,
VADILALIND,24196,
IVZINNIFTY,24217,
RELAXO,24225,
ESTER,24265,
VSTTILLERS,24292,
DELPHIFX,24391,
ASHIANA,24403,
DHANUKA,24409,
FILATEX,24532,
MAITHANALL,24538,
RUSHIL,24595,
BSLNIFTY,24781,
INVENTURE,24870,
L&TFH,24948,
WINDMACHIN,24969,
BODALCHEM,25017,
TREEHOUSE,25082,
ASAHISONG,25088,
TDPOWERSYS,25178,
APLLTD,25328,
PGEL,25358,
PANAMAPET,25392,
PAISALO,25468,
TIJARIA,25482,
SHAKTIPUMP,25574,
TRITURBINE,25584,
INDOTHAI,25608,
LICMFGOLD,25640,
JISLDVREQS,25684,
DSSL,25690,
POLYMED,25718,
RUPA,25724,
APLAPOLLO,25780,
KANANIIND,25786,
MINDACORP,25897,
HEXATRADEX,27008,
TBZ,27037,
VSSL,27067,
SWANENERGY,27095,
SPECIALITY,27107,
RTNINDIA,27297,
SAMPANN,27303,
PROZONER,28859,
MORARJEE,28877,
KITEX,28899,
MAYURUNIQ,28906,
ROSSELLIND,28913,
TVSHLTD,29008,
ZUARI,29050,
CARERATING,29113,
PCJEWELLER,29124,
INDUSTOWER,29135,
VMART,29284,
MOHITIND,29423,
NIF100BEES,29577,
REPCOHOME,29598,
VIVIDHA,29877,
JUSTDIAL,29962,
ATULAUTO,30023,
ORIENTCEM,30089,
ABFRL,30108,
IBULHSGFIN,30125,
ESSENTIA,30323,
PILITA,30835,
RHIM,31163,
MCX,31181,
SCHNEIDER,31234,
NBCC,31415,
ORBTEXP,31475,
JPOLYINVST,31507,
SREEL,31837,
21STCENMGM,7750,
63MOONS,11871,
AAKASH,240,
AAREYDRUGS,5245,
ADANIPOWER,17392,
AIRAN,9897,
AJOONI,3409,
AKSHOPTFBR,8591,
AMDIND,14402,
ARENTERP,181,
ARSHIYA,17825,
ARVEE,2820,
ASTRON,874,
BIL,7853,
CALSOFT,8400,
CCHHL,6385,
COUNCODOS,16989,
CUPID,18524,
DELTAMAGNT,1214,
DEVIT,8149,
DIL,8657,
EIMCOELECO,7915,
EMAMIREAL,19281,
EMKAY,13424,
ENERGYDEV,15053,
EUROTEXIND,999,
GATECHDVR,17,
GTL,1162,
HARRMALAYA,7906,
HECPROJECT,7429,
HINDCON,4924,
HOVS,13595,
IVC,8942,
IWEL,3788,
KOHINOOR,7675,
LEXUS,14462,
LYPSAGEMS,31472,
MCLEODRUSS,11944,
MEP,8779,
MHLXMIRU,7889,
MOTOGENFIN,2268,
NAGREEKEXP,14705,
NIBL,29737,
NILAINFRA,9253,
NILASPACES,7450,
NIPPOBATRY,6782,
OILCOUNTUB,2472,
PANSARI,6141,
PRITI,8310,
RAJMET,2168,
RAJSREESUG,2809,
RELCHEMQ,9661,
RSSOFTWARE,6429,
RVHL,1565,
SALSTEEL,11637,
SGIL,5114,
SHAH,20300,
SHRADHA,716,
SHRENIK,11150,
SIKKO,6226,
SILLYMONKS,19099,
STARTECK,9314,
SUMIT,11141,
SUNDRMBRAK,4179,
SURANASOL,21081,
SURANAT&P,11595,
SUVIDHAA,3005,
TFL,14323,
TIMESGTY,11217,
WALCHANNAG,3736,
WEL,7835,
WILLAMAGOR,5699,
ZENTEC,7508,
A2ZINFRA,20910,
AARTECH,17145,
ABAN,7759,
ABMINTLLTD,5551,
ACCURACY,1472,
ADL,248,
ADROITINFO,8644,
AKI,14895,
AMBICAAGAR,11496,
ANIKINDS,16661,
ANKITMETAL,29434,
ANTGRAPHIC,8285,
APOLLO,1138,
ARCHIDPLY,16799,
AROGRANITE,14561,
ASHAPURMIN,203,
ASIANHOTNR,18425,
ASMS,14069,
ATALREAL,15653,
ATLANTAA,13582,
AURIONPRO,12025,
AUSOMENT,9035,
AUTOIND,14106,
AZAD,20905,
BAFNAPH,17735,
BAGFILMS,14075,
BAIDFIN,13802,
BAJEL,20531,
BANG,15307,
BBOX,8164,
BCONCEPTS,7783,
BEARDSELL,17937,
BEDMUTHA,20196,
BHAGYANGR,20776,
BHANDARI,19560,
BINANIIND,13622,
BKMINDST,5789,
BLUECHIP,8650,
BLUECOAST,8552,
BOHRAIND,11641,
BPL,5163,
BROOKS,25136,
BURNPUR,15198,
BVCL,15077,
BYKE,7930,
CELEBRITY,13165,
CENTEXT,11511,
CENTUM,14982,
CEREBRAINT,30016,
CINELINE,27164,
CINEVISTA,8028,
COMPINFO,19670,
COMPUSOFT,31142,
CROWN,8097,
CUBEXTUB,9881,
CYBERMEDIA,11842,
DANGEE,1116,
DBSTOCKBRO,31111,
DCI,11568,
DCMFINSERV,8704,
DIACABS,18545,
DIGJAMLMTD,6136,
DNAMEDIA,645,
DOMS,20551,
DRCSYSTEMS,2651,
DUCON,28956,
E2E,8940,
EASTSILK,9769,
EDUCOMP,21747,
ELECTHERM,14902,
ELGIRUBCO,24928,
EQUIPPP,3553,
ESSARSHPNG,25634,
EXCEL,17380,
FCONSUMER,30041,
FLAIR,20372,
FLEXITUFF,25512,
FLFL,14868,
FMNL,21017,
FSC,14628,
GANGAFORGE,4959,
GATECH,18018,
GEEKAYWIRE,17924,
GENCON,2191,
GENSOL,17012,
GET&D,16787,
GKWLIMITED,17360,
GLOBE,400,
GODHA,1610,
GOLDENTOBC,11619,
GOLDTECH,9878,
GOYALALUM,11789,
GPTINFRA,17689,
GTECJAINX,1135,
GUJRAFFIA,10097,
GULFPETRO,11584,
GVKPIL,13226,
GVPTECH,10866,
HAPPYFORGE,20854,
HAVISHA,8417,
HBSL,4118,
HMT,19698,
HPIL,11800,
HYBRIDFIN,12814,
ICDSLTD,9610,
IEL,13307,
IITL,19529,
IL&FSENGG,9380,
IL&FSTRANS,9381,
IMPEXFERRO,11681,
INCREDIBLE,17511,
INDBANK,16933,
INDIASHLTR,20556,
INDOSTAR,3098,
INDOTECH,13275,
INDOWIND,14956,
INDRAMEDCO,8852,
INDSWFTLTD,11605,
INFOMEDIA,13693,
INNOVACAP,21062,
INOXINDIA,20607,
INSPIRISYS,13730,
IZMO,14178,
JAIBALAJI,14076,
JBMA,11655,
JETAIRWAYS,13420,
JITFINFRA,19695,
JYOTISTRUC,5481,
KALYANI,19653,
KALYANIFRG,15160,
KAPSTON,18969,
KARMAENG,24389,
KAUSHALYA,15140,
KAVVERITEL,15248,
KCPSUGIND,8849,
KEEPLEARN,8880,
KERNEX,13125,
KEYFINSERV,9505,
KHADIM,433,
KILITCH,19937,
KRIDHANINF,11480,
KRITIKA,9296,
KRITINUT,11432,
KSHITIJPOL,10412,
KSOLVES,11060,
LAL,14924,
LGHL,19872,
LLOYDSENGG,17801,
LPDC,16867,
LYKALABS,7248,
MACPOWER,22349,
MADHUCON,13668,
MANAKCOAT,7417,
MANUGRAPH,13575,
MARINE,1334,
MASKINVEST,18731,
MBECL,13687,
MBLINFRA,18033,
MEGASOFT,14797,
MELSTAR,17950,
MICEL,7165,
MIRCELECTR,6853,
MODIRUBBER,6934,
MOKSH,3595,
MOTISONS,20788,
MSPL,11922,
MTEDUCARE,31413,
MUFTI,20878,
MUKTAARTS,8691,
MURUDCERA,9024,
MUTHOOTMF,20831,
NAGREEKCAP,14943,
NDGL,18375,
NDL,31262,
NDRAUTO,22257,
NECCLTD,13533,
NEWGEN,1170,
NEXTMEDIA,9864,
NIRAJISPAT,18844,
NITCO,13304,
NITIRAJ,3251,
NKIND,9409,
NOIDATOLL,11214,
NORBTEAEXP,9431,
NUCLEUS,14124,
OMINFRAL,24235,
OMKARCHEM,13515,
ONELIFECAP,25496,
PALASHSECU,21387,
PANACHE,16292,
PARASPETRO,8975,
PARSVNATH,13795,
PGIL,14264,
PIGL,15716,
PIONEEREMB,13466,
PKTEA,10318,
PLAZACABLE,19461,
PODDARHOUS,19672,
PRAENG,13945,
PRAKASH,9454,
PRAKASHSTL,19603,
PRAXIS,1216,
PREMIER,6248,
PREMIERPOL,10401,
PRUDMOULI,20528,
PVP,6273,
RADAAN,10932,
RAJRILTD,8428,
RBZJEWEL,20893,
REGENCERAM,9051,
REMSONSIND,9368,
RHFL,21737,
RKDL,20954,
ROLLT,19108,
RPPINFRA,20764,
RUCHINFRA,8423,
S&SPOWER,8733,
SABEVENTS,18501,
SABTN,15060,
SADBHAV,13240,
SADBHIN,10622,
SAKSOFT,11797,
SAKUMA,13251,
SALONA,17351,
SAMBHAAV,9829,
SANCO,14630,
SARVESHWAR,12913,
SEJALLTD,7094,
SELMC,6274,
SEMAC,11964,
SERVOTECH,5511,
SETCO,17518,
SEYAIND,10836,
SGL,13367,
SHAHALLOYS,11856,
SHIVAMAUTO,13757,
SHREERAMA,7634,
SHREYANIND,9054,
SICALLOG,19440,
SIGIND,4517,
SIL,11298,
SIMPLEXINF,9331,
SITINET,14001,
SOFTTECH,8268,
SOMATEX,9104,
SOMICONVEY,17798,
SONAMLTD,8817,
SOUTHWEST,9679,
SPENTEX,22439,
SPMLINFRA,7166,
SPYL,21099,
SRPL,143,
SUNCLAY,20962,
SUNDARAM,18935,
SUPERSPIN,8931,
SUPREMEENG,1389,
SUPREMEINF,13419,
SURAJEST,20822,
SUULD,643,
SUZLON,12021,
SVLL,15126,
SVPGLOB,5023,
TALBROAUTO,13652,
TARAPUR,18831,
TCLCONS,19503,
TECHIN,25194,
TECILCHEM,14739,
TGBHOTELS,14611,
THOMASCOTT,31021,
TIL,11624,
TIPSFILMS,11378,
TIRUPATIFL,22284,
TOUCHWOOD,16910,
TPHQ,17000,
TREJHARA,7605,
TVVISION,18508,
UMESLTD,19145,
UNIINFO,7797,
UNITECH,8893,
UNIVAFOODS,10366,
UNIVASTU,18979,
V2RETAIL,14766,
VARDMNPOLY,6893,
VASWANI,25340,
VIJIFIN,17691,
VIKASECO,25756,
VINNY,12506,
VISESHINFO,7306,
WANBURY,14067,
WEALTH,1933,
WEIZMANIND,4945,
WELINV,19804,
WELSPUNLIV,11253,
WEWIN,9865,
WINSOME,25045,
WIPL,20491,
WSI,14828,
YAARI,24999,
ZEELEARN,20856,
ZENITHSTL,14566,
ZODIAC,7138,

NIFTY,999920000,
Nifty Jr,999920001,
Nifty 500,999920003,
Midcap 200,999920004,
BANKNIFTY,999920005,
Nifty 100,999920006,
Nifty IT,999920008,
Nifty Realty,999920009,
Nifty Midcap 50,999920010,
Nifty Infra,999920011,
Nifty Energy,999920012,
Nifty FMCG,999920013,
Nifty MNC,999920014,
Nifty Pharma,999920015,
Nifty PSE,999920016,
Nifty PSU Bank,999920017,
Nifty Serv Sector,999920018,
HangSeng BeES-NAV,999920020,
Nifty 200,999920021,
Nifty Mid Liq 15,999920024,
Nifty Pvt Bank,999920025,
Nifty GS 8 13Yr,999920027,
Nifty GS 10Yr,999920028,
Nifty GS 10Yr Cln,999920029,
Nifty GS 4 8Yr,999920030,
Nifty GS 11 15Yr,999920031,
Nifty GS 15YrPlus,999920032,
Nifty GS Compsite,999920033,
NiftyCPSE,999920039,
NIFTY AUTO,999920040,
FINNIFTY,999920041,
NIFTY METAL,999920042,
MIDCPNifty,999920043,
NIFTY SMALLCAP 100,999920044,
NIFTY SMALLCAP 50,999920045,
NIFTY SMALLCAP 250,999920046,
NIFTY MIDSMALLCAP 400,999920047,
NIFTY MIDCAP 100,999920048,
NIFTY HEALTHCARE,999920049,
NIFTY OIL AND GAS,999920050,
NIFTY500 MULTICAP,999920051,
NIFTY MIDCAP 150,999920052,
NIFTY TOTAL MARKET,999920053,
NIFTY INDIA DIGITAL,999920054,
NIFTY ALPHA 50,999920055,
NIFTY ALPHA LOW-VOLATILITY 30,999920056,
NIFTY MIDCAP150 QUALITY 50,999920057,
NIFTY100 EQUAL WEIGHT,999920058,
NIFTY100 ESG,999920059,
NIFTY100 LOW VOLATILITY 30,999920060,
NIFTY100 QUALITY 30,999920061,
NIFTY200 QUALITY 30,999920062,
NIFTY50 EQUAL WEIGHT,999920063,
NIFTY FINANCIAL SERVICES 25/50,999920064,
NIFTY100 ESG SECTOR LEADERS,999920065,
NIFTY200 MOMENTUM 30,999920066,
NIFTY50 DIVIDEND POINTS,999920067,
NIFTY CONSR DURBL,999920068,
NiftyMedia,999920075,
